ingredient,olives
ingredient,ketchup
ingredient,ham
ingredient,cream
ingredient,cheese
ingredient,york ham
ingredient,juice
ingredient,tomatoes
ingredient,eggplant
ingredient,beer
ingredient,coke
ingredient,apple
ingredient,plum
ingredient,orange
ingredient,cucumber
ingredient,pepper
ingredient,chicken
ingredient,salmon
ingredient,butter
ingredient,eggs
ingredient,carrot
ingredient,onion
ingredient,lettuce
ingredient,milk
ingredient,mayonnaise
ingredient,zucchini
ingredient,garlic
ingredient,mushroom
ingredient,banana
ingredient,spinach
ingredient,potato
ingredient,corn
ingredient,cream
ingredient,chocolate
ingredient,humus
ingredient,bread
ingredient,salt
ingredient,pepper
ingredient,rice
ingredient,paprika
ingredient,oregano
ingredient,lentils
ingredient,chickpea
ingredient,chorizo,spicy pork sausage
ingredient,prawn
ingredient,clam
ingredient,bean
ingredient,pineapple
ingredient,peach
ingredient,orange
ingredient,banana
ingredient,banana
ingredient,apricot
ingredient,grape
ingredient,juice
ingredient,carrot
ingredient,sugar
ingredient,Pizza
ingredient,pasta
ingredient,fried tomate
ingredient,mozzarella
ingredient,olive oil
